#{"t_start": 1706089015.445179, "env_id": "LunarLander-v2"}
r,l,t
-566.551056,69,0.253854
